gi,ei,dsc,def_id,team_id,player_name,year
0022400281,13,Porziņģis 26' 3PT Jump Shot (3 PTS) (Tatum 1 AST),1627884,1610612746,Derrick Jones Jr.,2025
0022400281,55,MISS Brown 26' 3PT Jump Shot,1627884,1610612746,Derrick Jones Jr.,2025
0022400281,59,Brown 2' Running Layup (2 PTS),1627884,1610612746,Derrick Jones Jr.,2025
0022400281,73,MISS Brown 24' 3PT Jump Shot,1627884,1610612746,Derrick Jones Jr.,2025
0022400281,85,MISS Holiday 24' 3PT Jump Shot,1627884,1610612746,Derrick Jones Jr.,2025
0022400281,101,Tatum 26' 3PT Pullup Jump Shot (5 PTS),1627884,1610612746,Derrick Jones Jr.,2025
0022400281,104,Tatum 2' Driving Finger Roll Layup (7 PTS),1627884,1610612746,Derrick Jones Jr.,2025
0022400281,241,MISS Holiday 26' 3PT Jump Shot,1627884,1610612746,Derrick Jones Jr.,2025
0022400281,262,Porziņģis 2' Alley Oop Dunk (6 PTS) (Brown 3 AST),1627884,1610612746,Derrick Jones Jr.,2025
0022400281,274,Tatum 1' Running Layup (11 PTS),1627884,1610612746,Derrick Jones Jr.,2025
0022400281,342,MISS Holiday 25' 3PT Jump Shot,1627884,1610612746,Derrick Jones Jr.,2025
0022400281,381,MISS Tatum 3' Running Layup,1627884,1610612746,Derrick Jones Jr.,2025
0022400281,15,MISS Harden 28' 3PT Pullup Jump Shot,1628401,1610612738,Derrick White,2025
0022400281,30,MISS Coffey 26' 3PT Jump Shot,1628401,1610612738,Derrick White,2025
0022400281,175,MISS Miller 9' Driving Floating Jump Shot,1628401,1610612738,Derrick White,2025
0022400281,177,Miller 3' Putback Layup (2 PTS),1628401,1610612738,Derrick White,2025
0022400281,202,Miller 3' Cutting Layup Shot (6 PTS) (Mann 1 AST),1628401,1610612738,Derrick White,2025
0022400281,260,MISS Jones Jr. 26' 3PT Jump Shot,1628401,1610612738,Derrick White,2025
0022400281,271,Tatum BLOCK (2 BLK),1628401,1610612738,Derrick White,2025
0022400281,340,Jones Jr. 1' Alley Oop Dunk (6 PTS) (Harden 5 AST),1628401,1610612738,Derrick White,2025
0022400281,350,Zubac 3' Tip Layup Shot (19 PTS),1628401,1610612738,Derrick White,2025
0022400281,389,Harden 14' Turnaround Jump Shot (17 PTS),1628401,1610612738,Derrick White,2025
0022400281,392,Coffey 3' Running Layup (4 PTS),1628401,1610612738,Derrick White,2025
0022400281,470,Brown BLOCK (1 BLK),1628401,1610612738,Derrick White,2025
0022400281,492,MISS Mann 25' 3PT Pullup Jump Shot,1628401,1610612738,Derrick White,2025
0022400281,498,Miller 4' Driving Layup (8 PTS),1628401,1610612738,Derrick White,2025
0022400281,534,Queta BLOCK (3 BLK),1628401,1610612738,Derrick White,2025
0022400281,10,MISS Porziņģis 27' 3PT Jump Shot,1627826,1610612746,Ivica Zubac,2025
0022400281,28,MISS Holiday 25' 3PT Jump Shot,1627826,1610612746,Ivica Zubac,2025
0022400281,37,MISS Porziņģis 26' 3PT Jump Shot,1627826,1610612746,Ivica Zubac,2025
0022400281,69,MISS Tatum 27' 3PT Running Pull-Up Jump Shot,1627826,1610612746,Ivica Zubac,2025
0022400281,149,Hauser 27' 3PT Turnaround Jump Shot (6 PTS) (Queta 1 AST),1627826,1610612746,Ivica Zubac,2025
0022400281,173,Brown 26' 3PT Pullup Jump Shot (5 PTS) (Pritchard 1 AST),1627826,1610612746,Ivica Zubac,2025
0022400281,193,Pritchard 26' 3PT Jump Shot (12 PTS) (Queta 3 AST),1627826,1610612746,Ivica Zubac,2025
0022400281,200,Queta 2' Cutting Dunk Shot (4 PTS) (Brown 2 AST),1627826,1610612746,Ivica Zubac,2025
0022400281,254,Brown 3PT Jump Shot (15 PTS) (Tatum 3 AST),1627826,1610612746,Ivica Zubac,2025
0022400281,258,MISS Tatum 5' Driving Layup,1627826,1610612746,Ivica Zubac,2025
0022400281,294,MISS Holiday 25' 3PT Jump Shot,1627826,1610612746,Ivica Zubac,2025
0022400281,298,Holiday 26' 3PT Step Back Jump Shot (5 PTS),1627826,1610612746,Ivica Zubac,2025
0022400281,319,MISS Porziņģis 25' 3PT Jump Shot,1627826,1610612746,Ivica Zubac,2025
0022400281,331,MISS Porziņģis 28' 3PT Pullup Jump Shot,1627826,1610612746,Ivica Zubac,2025
0022400281,386,Porziņģis 1' Driving Dunk (14 PTS) (White 4 AST),1627826,1610612746,Ivica Zubac,2025
0022400281,390,MISS White 27' 3PT Step Back Jump Shot,1627826,1610612746,Ivica Zubac,2025
0022400281,590,MISS Hyland 9' Driving Layup,1630531,1610612738,Jaden Springer,2025
0022400281,51,Tatum 2' Driving Layup (2 PTS) (Holiday 1 AST),201935,1610612746,James Harden,2025
0022400281,106,Pritchard 24' 3PT Jump Shot (3 PTS) (Holiday 2 AST),201935,1610612746,James Harden,2025
0022400281,115,MISS Holiday 3PT Jump Shot,201935,1610612746,James Harden,2025
0022400281,290,Porziņģis 2' Putback Layup (8 PTS),201935,1610612746,James Harden,2025
0022400281,327,MISS Porziņģis 16' Jump Shot,201935,1610612746,James Harden,2025
0022400281,352,MISS Tatum 26' 3PT Step Back Jump Shot,201935,1610612746,James Harden,2025
0022400281,372,Porziņģis 7' Turnaround Jump Shot (10 PTS) (White 3 AST),201935,1610612746,James Harden,2025
0022400281,407,Pritchard 32' 3PT Pullup Jump Shot (18 PTS) (Holiday 5 AST),201935,1610612746,James Harden,2025
0022400281,52,MISS Dunn 3PT Jump Shot,1627759,1610612738,Jaylen Brown,2025
0022400281,214,Zubac 3' Driving Reverse Layup (12 PTS) (Dunn 1 AST),1627759,1610612738,Jaylen Brown,2025
0022400281,243,Harden 26' 3PT Jump Shot (10 PTS),1627759,1610612738,Jaylen Brown,2025
0022400281,250,Porziņģis BLOCK (1 BLK),1627759,1610612738,Jaylen Brown,2025
0022400281,293,Zubac 2' Putback Dunk (17 PTS),1627759,1610612738,Jaylen Brown,2025
0022400281,296,MISS Coffey 26' 3PT Jump Shot,1627759,1610612738,Jaylen Brown,2025
0022400281,333,MISS Dunn 26' 3PT Jump Shot,1627759,1610612738,Jaylen Brown,2025
0022400281,507,MISS Hyland 27' 3PT Running Jump Shot,1627759,1610612738,Jaylen Brown,2025
0022400281,60,Zubac 4' Hook Shot (4 PTS) (Harden 2 AST),1628369,1610612738,Jayson Tatum,2025
0022400281,67,MISS Jones Jr. 4' Running Layup,1628369,1610612738,Jayson Tatum,2025
0022400281,225,Tatum BLOCK (1 BLK),1628369,1610612738,Jayson Tatum,2025
0022400281,370,Jones Jr. 28' 3PT Pullup Jump Shot (9 PTS) (Harden 7 AST),1628369,1610612738,Jayson Tatum,2025
0022400281,374,Harden 26' 3PT Pullup Jump Shot (13 PTS),1628369,1610612738,Jayson Tatum,2025
0022400281,385,Harden 6' Driving Floating Jump Shot (15 PTS) (Zubac 1 AST),1628369,1610612738,Jayson Tatum,2025
0022400281,402,Jones Jr. 1' Alley Oop Dunk (11 PTS) (Harden 8 AST),1628369,1610612738,Jayson Tatum,2025
0022400281,204,MISS Pritchard 28' 3PT Jump Shot,1641757,1610612746,Jordan Miller,2025
0022400281,430,Tatum 32' 3PT Pullup Jump Shot (19 PTS),1641757,1610612746,Jordan Miller,2025
0022400281,436,MISS Tatum 7' Driving Layup,1641757,1610612746,Jordan Miller,2025
0022400281,473,Porziņģis 1' Alley Oop Dunk (16 PTS) (Pritchard 3 AST),1641757,1610612746,Jordan Miller,2025
0022400281,537,Queta 2' Cutting Layup Shot (10 PTS) (Pritchard 4 AST),1641757,1610612746,Jordan Miller,2025
0022400281,524,Walsh BLOCK (1 BLK),1641775,1610612738,Jordan Walsh,2025
0022400281,529,Mann 14' Jump Shot (8 PTS),1641775,1610612738,Jordan Walsh,2025
0022400281,560,Miller 8' Driving Floating Jump Shot (10 PTS) (Jones 1 AST),1641775,1610612738,Jordan Walsh,2025
0022400281,594,Walsh BLOCK (2 BLK),1641775,1610612738,Jordan Walsh,2025
0022400281,599,MISS Mann Tip Layup Shot,1641775,1610612738,Jordan Walsh,2025
0022400281,12,Harden 16' Pullup Jump Shot (2 PTS),201950,1610612738,Jrue Holiday,2025
0022400281,20,Coffey 1' Running Alley Oop Dunk Shot (2 PTS) (Jones Jr. 1 AST),201950,1610612738,Jrue Holiday,2025
0022400281,24,Zubac 2' Cutting Layup Shot (2 PTS) (Harden 1 AST),201950,1610612738,Jrue Holiday,2025
0022400281,50,Dunn 6' Driving Floating Jump Shot (2 PTS),201950,1610612738,Jrue Holiday,2025
0022400281,337,Jones Jr. 1' Running Alley Oop Dunk Shot (4 PTS) (Dunn 2 AST),201950,1610612738,Jrue Holiday,2025
0022400281,409,Harden 5' Driving Floating Jump Shot (19 PTS),201950,1610612738,Jrue Holiday,2025
0022400281,426,MISS Harden 26' 3PT Step Back Jump Shot,201950,1610612738,Jrue Holiday,2025
0022400281,499,Queta 1' Cutting Dunk Shot (6 PTS) (Brown 4 AST),1630539,1610612746,Kai Jones,2025
0022400281,518,Pritchard 3' Cutting Layup Shot (20 PTS) (White 6 AST),1630539,1610612746,Kai Jones,2025
0022400281,530,MISS Pritchard 29' 3PT Jump Shot,1630539,1610612746,Kai Jones,2025
0022400281,556,MISS Queta 2' Layup,1630539,1610612746,Kai Jones,2025
0022400281,561,Walsh 27' 3PT Jump Shot (3 PTS) (Springer 1 AST),1630539,1610612746,Kai Jones,2025
0022400281,581,MISS Scheierman 3' Putback Layup,1630539,1610612746,Kai Jones,2025
0022400281,589,Springer 4' Driving Layup (3 PTS),1630539,1610612746,Kai Jones,2025
0022400281,592,Walsh 1' Driving Dunk (5 PTS) (Springer 2 AST),1630539,1610612746,Kai Jones,2025
0022400281,92,MISS Pritchard 3' Driving Layup,1629645,1610612746,Kevin Porter Jr.,2025
0022400281,126,MISS Tatum 26' 3PT Jump Shot,1629645,1610612746,Kevin Porter Jr.,2025
0022400281,130,Tatum 1' Driving Layup (9 PTS),1629645,1610612746,Kevin Porter Jr.,2025
0022400281,135,MISS Pritchard 29' 3PT Jump Shot,1629645,1610612746,Kevin Porter Jr.,2025
0022400281,153,Pritchard 3PT Jump Shot (6 PTS) (White 1 AST),1629645,1610612746,Kevin Porter Jr.,2025
0022400281,165,White 26' 3PT Jump Shot (5 PTS) (Queta 2 AST),1629645,1610612746,Kevin Porter Jr.,2025
0022400281,182,White 3PT Jump Shot (8 PTS) (Pritchard 2 AST),1629645,1610612746,Kevin Porter Jr.,2025
0022400281,188,MISS Pritchard 27' 3PT Jump Shot,1629645,1610612746,Kevin Porter Jr.,2025
0022400281,269,MISS Holiday 5' Driving Layup,1629645,1610612746,Kevin Porter Jr.,2025
0022400281,488,Brown 10' Turnaround Jump Shot (17 PTS) (White 5 AST),1629645,1610612746,Kevin Porter Jr.,2025
0022400281,22,MISS Porziņģis 26' 3PT Jump Shot,1627739,1610612746,Kris Dunn,2025
0022400281,26,MISS White 25' 3PT Jump Shot,1627739,1610612746,Kris Dunn,2025
0022400281,32,MISS White 2' Cutting Layup Shot,1627739,1610612746,Kris Dunn,2025
0022400281,34,White 2' Tip Layup Shot (2 PTS),1627739,1610612746,Kris Dunn,2025
0022400281,51,Tatum 2' Driving Layup (2 PTS) (Holiday 1 AST),1627739,1610612746,Kris Dunn,2025
0022400281,234,Brown 24' 3PT Jump Shot (8 PTS) (Holiday 3 AST),1627739,1610612746,Kris Dunn,2025
0022400281,244,Brown 8' Jump Shot (11 PTS) (White 2 AST),1627739,1610612746,Kris Dunn,2025
0022400281,323,MISS Brown 6' Driving Layup,1627739,1610612746,Kris Dunn,2025
0022400281,360,MISS White 4' Driving Layup,1627739,1610612746,Kris Dunn,2025
0022400281,400,Pritchard 29' 3PT Jump Shot (15 PTS) (Tatum 4 AST),1627739,1610612746,Kris Dunn,2025
0022400281,7,MISS Zubac 5' Driving Layup,204001,1610612738,Kristaps Porziņģis,2025
0022400281,24,Zubac 2' Cutting Layup Shot (2 PTS) (Harden 1 AST),204001,1610612738,Kristaps Porziņģis,2025
0022400281,46,MISS Harden 32' 3PT Pullup Jump Shot,204001,1610612738,Kristaps Porziņģis,2025
0022400281,57,MISS Coffey 5' Driving Layup,204001,1610612738,Kristaps Porziņģis,2025
0022400281,67,MISS Jones Jr. 4' Running Layup,204001,1610612738,Kristaps Porziņģis,2025
0022400281,214,Zubac 3' Driving Reverse Layup (12 PTS) (Dunn 1 AST),204001,1610612738,Kristaps Porziņģis,2025
0022400281,257,Zubac 7' Driving Hook Shot (14 PTS) (Harden 4 AST),204001,1610612738,Kristaps Porziņģis,2025
0022400281,293,Zubac 2' Putback Dunk (17 PTS),204001,1610612738,Kristaps Porziņģis,2025
0022400281,329,MISS Zubac 7' Driving Hook Shot,204001,1610612738,Kristaps Porziņģis,2025
0022400281,354,Zubac 5' Turnaround Hook Shot (21 PTS),204001,1610612738,Kristaps Porziņģis,2025
0022400281,359,MISS Zubac 5' Layup,204001,1610612738,Kristaps Porziņģis,2025
0022400281,366,Zubac 10' Hook Shot (23 PTS) (Harden 6 AST),204001,1610612738,Kristaps Porziņģis,2025
0022400281,379,MISS Harden 4' Driving Reverse Layup,204001,1610612738,Kristaps Porziņģis,2025
0022400281,459,Porter Jr. 2' Driving Layup (6 PTS),204001,1610612738,Kristaps Porziņģis,2025
0022400281,466,MISS Porter Jr. 26' 3PT Pullup Jump Shot,204001,1610612738,Kristaps Porziņģis,2025
0022400281,99,MISS Brown 2' Driving Layup,1629674,1610612738,Neemias Queta,2025
0022400281,113,MISS Mann 6' Fadeaway Jumper,1629674,1610612738,Neemias Queta,2025
0022400281,121,Brown 26' 3PT Jump Shot (3 PTS) (Harden 3 AST),1629674,1610612738,Neemias Queta,2025
0022400281,128,MISS Mann 15' Jump Shot,1629674,1610612738,Neemias Queta,2025
0022400281,132,Queta BLOCK (1 BLK),1629674,1610612738,Neemias Queta,2025
0022400281,151,MISS Porter Jr. 6' Pullup Jump Shot,1629674,1610612738,Neemias Queta,2025
0022400281,159,Zubac 8' Driving Hook Shot (6 PTS),1629674,1610612738,Neemias Queta,2025
0022400281,163,Zubac 10' Hook Shot (8 PTS) (Porter Jr. 1 AST),1629674,1610612738,Neemias Queta,2025
0022400281,172,Porter Jr. 9' Pullup Jump Shot (4 PTS),1629674,1610612738,Neemias Queta,2025
0022400281,192,Zubac 4' Driving Hook Shot (10 PTS),1629674,1610612738,Neemias Queta,2025
0022400281,431,MISS Mann 3PT Jump Shot,1629674,1610612738,Neemias Queta,2025
0022400281,486,MISS Hyland 4' Driving Layup,1629674,1610612738,Neemias Queta,2025
0022400281,490,MISS Porter Jr. 26' 3PT Pullup Jump Shot,1629674,1610612738,Neemias Queta,2025
0022400281,498,Miller 4' Driving Layup (8 PTS),1629674,1610612738,Neemias Queta,2025
0022400281,501,MISS Jones 13' Turnaround Fadeaway Shot,1629674,1610612738,Neemias Queta,2025
0022400281,511,Jones 2' Cutting Dunk Shot (2 PTS) (Mann 2 AST),1629674,1610612738,Neemias Queta,2025
0022400281,520,MISS Miller 27' 3PT Jump Shot,1629674,1610612738,Neemias Queta,2025
0022400281,551,Queta BLOCK (4 BLK),1629674,1610612738,Neemias Queta,2025
0022400281,584,Mann 18' Step Back Jump Shot (10 PTS),1629674,1610612738,Neemias Queta,2025
0022400281,118,Holiday 3' Driving Hook Shot (2 PTS),201587,1610612746,Nicolas Batum,2025
0022400281,123,Hauser 26' 3PT Jump Shot (3 PTS) (Tatum 2 AST),201587,1610612746,Nicolas Batum,2025
0022400281,212,White 25' 3PT Jump Shot (11 PTS) (Porziņģis 1 AST),201587,1610612746,Nicolas Batum,2025
0022400281,505,MISS White 27' 3PT Jump Shot,201587,1610612746,Nicolas Batum,2025
0022400281,573,Queta 10' Turnaround Hook Shot (12 PTS) (Scheierman 1 AST),201587,1610612746,Nicolas Batum,2025
0022400281,579,MISS Springer 12' Turnaround Fadeaway Shot,201587,1610612746,Nicolas Batum,2025
0022400281,71,MISS Harden 25' 3PT Pullup Jump Shot,1630202,1610612738,Payton Pritchard,2025
0022400281,132,Queta BLOCK (1 BLK),1630202,1610612738,Payton Pritchard,2025
0022400281,155,Queta BLOCK (2 BLK),1630202,1610612738,Payton Pritchard,2025
0022400281,192,Zubac 4' Driving Hook Shot (10 PTS),1630202,1610612738,Payton Pritchard,2025
0022400281,291,MISS Harden 6' Pullup Jump Shot,1630202,1610612738,Payton Pritchard,2025
0022400281,299,Porziņģis BLOCK (2 BLK),1630202,1610612738,Payton Pritchard,2025
0022400281,102,MISS Porter Jr. 12' Driving Floating Jump Shot,1630573,1610612738,Sam Hauser,2025
0022400281,105,Harden 27' 3PT Jump Shot (5 PTS),1630573,1610612738,Sam Hauser,2025
0022400281,117,Porter Jr. 21' Turnaround Jump Shot (2 PTS),1630573,1610612738,Sam Hauser,2025
0022400281,125,Harden 2' Driving Layup (7 PTS),1630573,1610612738,Sam Hauser,2025
0022400281,155,Queta BLOCK (2 BLK),1630573,1610612738,Sam Hauser,2025
0022400281,180,MISS Porter Jr. 4' Driving Floating Jump Shot,1630573,1610612738,Sam Hauser,2025
0022400281,195,Mann 24' 3PT Jump Shot (3 PTS) (Batum 1 AST),1630573,1610612738,Sam Hauser,2025
0022400281,412,MISS Coffey 9' Driving Floating Jump Shot,1630573,1610612738,Sam Hauser,2025
0022400281,426,MISS Harden 26' 3PT Step Back Jump Shot,1630573,1610612738,Sam Hauser,2025
0022400281,507,MISS Hyland 27' 3PT Running Jump Shot,1630573,1610612738,Sam Hauser,2025
0022400281,137,MISS Tatum 24' 3PT Jump Shot,1629611,1610612746,Terance Mann,2025
0022400281,160,Pritchard 24' 3PT Jump Shot (9 PTS) (Brown 1 AST),1629611,1610612746,Terance Mann,2025
0022400281,503,MISS Brown 27' 3PT Jump Shot,1629611,1610612746,Terance Mann,2025
0022400281,527,MISS White 31' 3PT Jump Shot,1629611,1610612746,Terance Mann,2025
0022400281,532,Queta 2' Cutting Dunk Shot (8 PTS) (White 7 AST),1629611,1610612746,Terance Mann,2025
0022400281,581,MISS Scheierman 3' Putback Layup,1629611,1610612746,Terance Mann,2025
0022400281,597,MISS Batum 6' Pullup Jump Shot,1630214,1610612738,Xavier Tillman,2025
0022400284,12,C. Johnson 3PT Jump Shot (3 PTS) (Thomas 1 AST),203952,1610612744,Andrew Wiggins,2025
0022400284,16,Thomas 3PT Step Back Jump Shot (3 PTS),203952,1610612744,Andrew Wiggins,2025
0022400284,56,Williams 1' Alley Oop Dunk (2 PTS) (Schröder 1 AST),203952,1610612744,Andrew Wiggins,2025
0022400284,390,MISS K. Johnson 24' 3PT Jump Shot,203952,1610612744,Andrew Wiggins,2025
0022400284,436,MISS K. Johnson 26' 3PT Jump Shot,203952,1610612744,Andrew Wiggins,2025
0022400284,533,MISS K. Johnson 3' Driving Layup,203952,1610612744,Andrew Wiggins,2025
0022400284,542,Schröder 27' 3PT Jump Shot (22 PTS) (Williams 4 AST),203952,1610612744,Andrew Wiggins,2025
0022400284,641,MISS Watford 3PT Jump Shot,203952,1610612744,Andrew Wiggins,2025
0022400284,690,Watford 26' 3PT Jump Shot (8 PTS) (Schröder 7 AST),203952,1610612744,Andrew Wiggins,2025
0022400284,174,Schröder 2' Running Layup (2 PTS),1641764,1610612744,Brandin Podziemski,2025
0022400284,180,MISS Watford 3' Layup,1641764,1610612744,Brandin Podziemski,2025
0022400284,262,Wilson 3PT Jump Shot (8 PTS) (C. Johnson 2 AST),1641764,1610612744,Brandin Podziemski,2025
0022400284,461,Williams 2' Running Layup (13 PTS),1641764,1610612744,Brandin Podziemski,2025
0022400284,463,Milton 14' Pullup Jump Shot (8 PTS),1641764,1610612744,Brandin Podziemski,2025
0022400284,560,Podziemski BLOCK (1 BLK),1641764,1610612744,Brandin Podziemski,2025
0022400284,649,Watford 9' Driving Floating Jump Shot (5 PTS) (Schröder 5 AST),1641764,1610612744,Brandin Podziemski,2025
0022400284,687,Schröder 12' Step Back Bank Jump Shot (27 PTS),1641764,1610612744,Brandin Podziemski,2025
0022400284,92,Milton 25' 3PT Jump Shot (3 PTS) (Williams 2 AST),1627741,1610612744,Buddy Hield,2025
0022400284,112,MISS Wilson 25' 3PT Jump Shot,1627741,1610612744,Buddy Hield,2025
0022400284,117,MISS Milton 26' 3PT Step Back Jump Shot,1627741,1610612744,Buddy Hield,2025
0022400284,152,Martin 25' 3PT Jump Shot (3 PTS) (Schröder 2 AST),1627741,1610612744,Buddy Hield,2025
0022400284,182,MISS Martin 25' 3PT Jump Shot,1627741,1610612744,Buddy Hield,2025
0022400284,456,MISS Milton 4' Driving Layup,1627741,1610612744,Buddy Hield,2025
0022400284,33,Waters III 3' Running Dunk (4 PTS) (Green 2 AST),1630560,1610612751,Cam Thomas,2025
0022400284,52,Curry 27' 3PT Running Pull-Up Jump Shot (3 PTS) (Green 3 AST),1630560,1610612751,Cam Thomas,2025
0022400284,73,MISS Green 10' Driving Floating Jump Shot,1630560,1610612751,Cam Thomas,2025
0022400284,114,Hield 24' 3PT Jump Shot (3 PTS) (Anderson 2 AST),1630560,1610612751,Cam Thomas,2025
0022400284,125,MISS Hield 26' 3PT Jump Shot,1630560,1610612751,Cam Thomas,2025
0022400284,250,MISS Payton II 3PT Step Back Jump Shot,1630560,1610612751,Cam Thomas,2025
0022400284,260,Wiggins 6' Running Finger Roll Layup (7 PTS) (Podziemski 5 AST),1630560,1610612751,Cam Thomas,2025
0022400284,264,MISS Payton II 3PT Jump Shot,1630560,1610612751,Cam Thomas,2025
0022400284,268,Payton II 3' Running Layup (4 PTS) (Podziemski 6 AST),1630560,1610612751,Cam Thomas,2025
0022400284,326,Moody 2' Running Layup (12 PTS) (Payton II 2 AST),1630560,1610612751,Cam Thomas,2025
0022400284,341,MISS Curry 24' 3PT Jump Shot,1630560,1610612751,Cam Thomas,2025
0022400284,370,Waters III 6' Driving Floating Jump Shot (12 PTS),1630560,1610612751,Cam Thomas,2025
0022400284,372,MISS Jackson-Davis 2' Cutting Layup Shot,1630560,1610612751,Cam Thomas,2025
0022400284,382,MISS Curry 27' 3PT Jump Shot,1630560,1610612751,Cam Thomas,2025
0022400284,398,Jackson-Davis 1' Running Dunk (6 PTS) (Curry 7 AST),1630560,1610612751,Cam Thomas,2025
0022400284,403,Curry 32' 3PT Running Pull-Up Jump Shot (16 PTS),1630560,1610612751,Cam Thomas,2025
0022400284,14,Waters III 3' Driving Layup (2 PTS) (Green 1 AST),1629661,1610612751,Cameron Johnson,2025
0022400284,240,MISS Payton II 5' Finger Roll Layup,1629661,1610612751,Cameron Johnson,2025
0022400284,243,MISS Payton II Tip Layup Shot,1629661,1610612751,Cameron Johnson,2025
0022400284,312,Moody 1' Driving Layup (7 PTS) (Curry 3 AST),1629661,1610612751,Cameron Johnson,2025
0022400284,326,Moody 2' Running Layup (12 PTS) (Payton II 2 AST),1629661,1610612751,Cameron Johnson,2025
0022400284,333,MISS Hield 28' 3PT Pullup Jump Shot,1629661,1610612751,Cameron Johnson,2025
0022400284,23,Wiggins 6' Driving Layup (2 PTS),203471,1610612751,Dennis Schröder,2025
0022400284,48,Waters III 27' 3PT Running Pull-Up Jump Shot (7 PTS) (Curry 1 AST),203471,1610612751,Dennis Schröder,2025
0022400284,172,MISS Podziemski 27' 3PT Pullup Jump Shot,203471,1610612751,Dennis Schröder,2025
0022400284,203,MISS Looney 6' Layup,203471,1610612751,Dennis Schröder,2025
0022400284,219,MISS Podziemski 25' 3PT Jump Shot,203471,1610612751,Dennis Schröder,2025
0022400284,283,MISS Curry 3PT Jump Shot,203471,1610612751,Dennis Schröder,2025
0022400284,288,Jackson-Davis 2' Putback Layup (4 PTS),203471,1610612751,Dennis Schröder,2025
0022400284,343,Payton II Tip Dunk Shot (6 PTS),203471,1610612751,Dennis Schröder,2025
0022400284,372,MISS Jackson-Davis 2' Cutting Layup Shot,203471,1610612751,Dennis Schröder,2025
0022400284,395,Curry 33' 3PT Pullup Jump Shot (13 PTS),203471,1610612751,Dennis Schröder,2025
0022400284,676,MISS Curry 24' 3PT Jump Shot,203471,1610612751,Dennis Schröder,2025
0022400284,713,MISS Curry 27' 3PT Driving Floating Jump Shot,203471,1610612751,Dennis Schröder,2025
0022400284,8,MISS Wilson 26' 3PT Jump Shot,203110,1610612744,Draymond Green,2025
0022400284,31,MISS Wilson 4' Driving Layup,203110,1610612744,Draymond Green,2025
0022400284,42,MISS Wilson 26' 3PT Jump Shot,203110,1610612744,Draymond Green,2025
0022400284,71,Williams 25' 3PT Jump Shot (5 PTS) (Wilson 1 AST),203110,1610612744,Draymond Green,2025
0022400284,78,C. Johnson 10' Tip Layup Shot (5 PTS),203110,1610612744,Draymond Green,2025
0022400284,81,MISS C. Johnson 3' Putback Layup,203110,1610612744,Draymond Green,2025
0022400284,100,MISS Thomas 25' 3PT Step Back Jump Shot,203110,1610612744,Draymond Green,2025
0022400284,335,Schröder 4' Driving Layup (8 PTS),203110,1610612744,Draymond Green,2025
0022400284,401,MISS Thomas 31' 3PT Pullup Jump Shot,203110,1610612744,Draymond Green,2025
0022400284,413,Wilson 4' Driving Layup (13 PTS),203110,1610612744,Draymond Green,2025
0022400284,424,MISS Martin 24' 3PT Jump Shot,203110,1610612744,Draymond Green,2025
0022400284,609,Wilson 7' Driving Layup (17 PTS) (Martin 3 AST),203110,1610612744,Draymond Green,2025
0022400284,235,MISS Thomas 13' Pullup Jump Shot,1627780,1610612744,Gary Payton II,2025
0022400284,481,Schröder 27' 3PT Jump Shot (14 PTS) (Milton 2 AST),1627780,1610612744,Gary Payton II,2025
0022400284,530,Waters III BLOCK (1 BLK),1627780,1610612744,Gary Payton II,2025
0022400284,552,MISS Schröder 4' Driving Layup,1627780,1610612744,Gary Payton II,2025
0022400284,655,Schröder 6' Driving Layup (24 PTS),1627780,1610612744,Gary Payton II,2025
0022400284,682,Williams 1' Cutting Dunk Shot (19 PTS) (Schröder 6 AST),1627780,1610612744,Gary Payton II,2025
0022400284,29,Jackson-Davis 3' Driving Reverse Layup (2 PTS) (Waters III 1 AST),1630592,1610612751,Jalen Wilson,2025
0022400284,40,MISS Wiggins 6' Driving Floating Jump Shot,1630592,1610612751,Jalen Wilson,2025
0022400284,52,Curry 27' 3PT Running Pull-Up Jump Shot (3 PTS) (Green 3 AST),1630592,1610612751,Jalen Wilson,2025
0022400284,98,Curry 27' 3PT Step Back Jump Shot (9 PTS) (Moody 1 AST),1630592,1610612751,Jalen Wilson,2025
0022400284,106,Moody 24' 3PT Running Pull-Up Jump Shot (3 PTS) (Hield 1 AST),1630592,1610612751,Jalen Wilson,2025
0022400284,240,MISS Payton II 5' Finger Roll Layup,1630592,1610612751,Jalen Wilson,2025
0022400284,243,MISS Payton II Tip Layup Shot,1630592,1610612751,Jalen Wilson,2025
0022400284,322,Moody 3PT Jump Shot (10 PTS) (Curry 4 AST),1630592,1610612751,Jalen Wilson,2025
0022400284,337,Moody 25' 3PT Jump Shot (15 PTS) (Curry 5 AST),1630592,1610612751,Jalen Wilson,2025
0022400284,458,MISS Hield 8' Driving Floating Jump Shot,1630592,1610612751,Jalen Wilson,2025
0022400284,574,MISS Anderson 8' Driving Floating Jump Shot,1630592,1610612751,Jalen Wilson,2025
0022400284,600,Anderson 2' Cutting Dunk Shot (4 PTS) (Green 5 AST),1630592,1610612751,Jalen Wilson,2025
0022400284,612,Curry 28' 3PT Jump Shot (20 PTS) (Green 6 AST),1630592,1610612751,Jalen Wilson,2025
0022400284,685,Wiggins 26' 3PT Jump Shot (16 PTS) (Payton II 3 AST),1630592,1610612751,Jalen Wilson,2025
0022400284,102,MISS Curry 31' 3PT Running Jump Shot,1630553,1610612751,Keon Johnson,2025
0022400284,122,MISS Moody 3PT Jump Shot,1630553,1610612751,Keon Johnson,2025
0022400284,184,Looney 7' Layup (2 PTS),1630553,1610612751,Keon Johnson,2025
0022400284,398,Jackson-Davis 1' Running Dunk (6 PTS) (Curry 7 AST),1630553,1610612751,Keon Johnson,2025
0022400284,409,Jackson-Davis 2' Running Finger Roll Layup (8 PTS) (Wiggins 1 AST),1630553,1610612751,Keon Johnson,2025
0022400284,464,MISS Hield 27' 3PT Jump Shot,1630553,1610612751,Keon Johnson,2025
0022400284,554,MISS Wiggins 4' Running Layup,1630553,1610612751,Keon Johnson,2025
0022400284,556,Payton II Tip Dunk Shot (8 PTS),1630553,1610612751,Keon Johnson,2025
0022400284,623,Wiggins Tip Layup Shot (13 PTS),1630553,1610612751,Keon Johnson,2025
0022400284,631,MISS Curry 29' 3PT Step Back Jump Shot,1630553,1610612751,Keon Johnson,2025
0022400284,651,Curry 25' 3PT Step Back Jump Shot (25 PTS),1630553,1610612751,Keon Johnson,2025
0022400284,194,MISS Schröder 3' Driving Layup,1626172,1610612744,Kevon Looney,2025
0022400284,214,Schröder 3' Driving Layup (4 PTS),1626172,1610612744,Kevon Looney,2025
0022400284,221,MISS Martin 3PT Running Jump Shot,1626172,1610612744,Kevon Looney,2025
0022400284,258,MISS Williams 26' 3PT Jump Shot,1626172,1610612744,Kevon Looney,2025
0022400284,481,Schröder 27' 3PT Jump Shot (14 PTS) (Milton 2 AST),1626172,1610612744,Kevon Looney,2025
0022400284,503,Watford 26' 3PT Jump Shot (3 PTS) (Schröder 3 AST),1626172,1610612744,Kevon Looney,2025
0022400284,96,K. Johnson 3PT Step Back Jump Shot (3 PTS) (Milton 1 AST),203937,1610612744,Kyle Anderson,2025
0022400284,624,MISS Martin 25' 3PT Jump Shot,203937,1610612744,Kyle Anderson,2025
0022400284,214,Schröder 3' Driving Layup (4 PTS),1630322,1610612744,Lindy Waters III,2025
0022400284,239,Milton 4' Driving Layup (6 PTS),1630322,1610612744,Lindy Waters III,2025
0022400284,266,MISS Milton 9' Driving Floating Jump Shot,1630322,1610612744,Lindy Waters III,2025
0022400284,394,Thomas 28' 3PT Step Back Jump Shot (23 PTS),1630322,1610612744,Lindy Waters III,2025
0022400284,430,MISS K. Johnson 29' 3PT Jump Shot,1630322,1610612744,Lindy Waters III,2025
0022400284,432,K. Johnson 4' Cutting Dunk Shot (5 PTS) (Martin 1 AST),1630322,1610612744,Lindy Waters III,2025
0022400284,515,Schröder 13' Driving Floating Jump Shot (16 PTS) (Milton 3 AST),1630322,1610612744,Lindy Waters III,2025
0022400284,521,Schröder 26' 3PT Jump Shot (19 PTS) (Martin 2 AST),1630322,1610612744,Lindy Waters III,2025
0022400284,530,Waters III BLOCK (1 BLK),1630322,1610612744,Lindy Waters III,2025
0022400284,533,MISS K. Johnson 3' Driving Layup,1630322,1610612744,Lindy Waters III,2025
0022400284,546,Milton 26' 3PT Jump Shot (11 PTS) (Watford 1 AST),1630322,1610612744,Lindy Waters III,2025
0022400284,552,MISS Schröder 4' Driving Layup,1630322,1610612744,Lindy Waters III,2025
0022400284,560,Podziemski BLOCK (1 BLK),1630322,1610612744,Lindy Waters III,2025
0022400284,579,Milton 16' Turnaround Fadeaway (13 PTS),1630322,1610612744,Lindy Waters III,2025
0022400284,120,Thomas 27' 3PT Step Back Jump Shot (10 PTS),1630541,1610612744,Moses Moody,2025
0022400284,140,Moody BLOCK (1 BLK),1630541,1610612744,Moses Moody,2025
0022400284,339,Wilson 3PT Jump Shot (11 PTS) (Williams 3 AST),1630541,1610612744,Moses Moody,2025
0022400284,456,MISS Milton 4' Driving Layup,1630541,1610612744,Moses Moody,2025
0022400284,602,MISS K. Johnson 26' 3PT Jump Shot,1630541,1610612744,Moses Moody,2025
0022400284,177,Hield 27' 3PT Pullup Jump Shot (9 PTS) (Podziemski 1 AST),1629003,1610612751,Shake Milton,2025
0022400284,237,MISS Waters III 31' 3PT Jump Shot,1629003,1610612751,Shake Milton,2025
0022400284,260,Wiggins 6' Running Finger Roll Layup (7 PTS) (Podziemski 5 AST),1629003,1610612751,Shake Milton,2025
0022400284,471,MISS Moody 25' 3PT Jump Shot,1629003,1610612751,Shake Milton,2025
0022400284,475,MISS Payton II 6' Cutting Layup Shot,1629003,1610612751,Shake Milton,2025
0022400284,480,Looney 3' Layup (4 PTS),1629003,1610612751,Shake Milton,2025
0022400284,493,MISS Hield 26' 3PT Jump Shot,1629003,1610612751,Shake Milton,2025
0022400284,505,MISS Hield 22' Step Back Jump Shot,1629003,1610612751,Shake Milton,2025
0022400284,612,Curry 28' 3PT Jump Shot (20 PTS) (Green 6 AST),1629003,1610612751,Shake Milton,2025
0022400284,20,Wilson 3PT Running Jump Shot (3 PTS) (C. Johnson 1 AST),201939,1610612744,Stephen Curry,2025
0022400284,50,MISS Wilson 3PT Jump Shot,201939,1610612744,Stephen Curry,2025
0022400284,76,MISS Wilson 27' 3PT Jump Shot,201939,1610612744,Stephen Curry,2025
0022400284,78,C. Johnson 10' Tip Layup Shot (5 PTS),201939,1610612744,Stephen Curry,2025
0022400284,108,MISS K. Johnson 25' 3PT Jump Shot,201939,1610612744,Stephen Curry,2025
0022400284,324,MISS Schröder 9' Driving Finger Roll Layup,201939,1610612744,Stephen Curry,2025
0022400284,371,Schröder 25' 3PT Pullup Jump Shot (11 PTS),201939,1610612744,Stephen Curry,2025
0022400284,407,MISS Schröder 26' 3PT Jump Shot,201939,1610612744,Stephen Curry,2025
0022400284,633,K. Johnson 3PT Jump Shot (8 PTS) (Schröder 4 AST),201939,1610612744,Stephen Curry,2025
0022400284,678,MISS Schröder 27' 3PT Step Back Jump Shot,201939,1610612744,Stephen Curry,2025
0022400284,28,Thomas 12' Step Back Jump Shot (5 PTS) (Williams 1 AST),1631218,1610612744,Trayce Jackson-Davis,2025
0022400284,46,MISS Williams 3' Driving Layup,1631218,1610612744,Trayce Jackson-Davis,2025
0022400284,158,MISS Schröder 27' 3PT Step Back Jump Shot,1631218,1610612744,Trayce Jackson-Davis,2025
0022400284,279,Jackson-Davis BLOCK (1 BLK),1631218,1610612744,Trayce Jackson-Davis,2025
0022400284,290,Thomas 7' Driving Floating Bank Jump Shot (12 PTS),1631218,1610612744,Trayce Jackson-Davis,2025
0022400284,366,MISS Thomas 26' 3PT Step Back Jump Shot,1631218,1610612744,Trayce Jackson-Davis,2025
0022400284,371,Schröder 25' 3PT Pullup Jump Shot (11 PTS),1631218,1610612744,Trayce Jackson-Davis,2025
0022400284,381,Thomas 6' Driving Floating Jump Shot (18 PTS),1631218,1610612744,Trayce Jackson-Davis,2025
0022400284,396,MISS Thomas 27' 3PT Step Back Jump Shot,1631218,1610612744,Trayce Jackson-Davis,2025
0022400284,557,MISS Milton 8' Driving Bank Hook Shot,1631218,1610612744,Trayce Jackson-Davis,2025
0022400284,196,Payton II 1' Dunk (2 PTS) (Podziemski 2 AST),1630570,1610612751,Trendon Watford,2025
0022400284,203,MISS Looney 6' Layup,1630570,1610612751,Trendon Watford,2025
0022400284,223,Podziemski 25' 3PT Pullup Jump Shot (3 PTS) (Payton II 1 AST),1630570,1610612751,Trendon Watford,2025
0022400284,493,MISS Hield 26' 3PT Jump Shot,1630570,1610612751,Trendon Watford,2025
0022400284,495,MISS Hield 3PT Jump Shot,1630570,1610612751,Trendon Watford,2025
0022400284,518,MISS Jackson-Davis 6' Cutting Layup Shot,1630570,1610612751,Trendon Watford,2025
0022400284,527,MISS Wiggins 3' Driving Layup,1630570,1610612751,Trendon Watford,2025
0022400284,540,MISS Jackson-Davis 3' Layup,1630570,1610612751,Trendon Watford,2025
0022400284,639,MISS Wiggins 3' Driving Finger Roll Layup,1630570,1610612751,Trendon Watford,2025
0022400284,707,Curry 3PT Jump Shot (28 PTS) (Green 7 AST),1630570,1610612751,Trendon Watford,2025
0022400284,151,Hield 2' Driving Layup (5 PTS) (Anderson 3 AST),1631213,1610612751,Tyrese Martin,2025
0022400284,154,MISS Hield 18' Pullup Jump Shot,1631213,1610612751,Tyrese Martin,2025
0022400284,212,Waters III 24' 3PT Jump Shot (10 PTS) (Podziemski 3 AST),1631213,1610612751,Tyrese Martin,2025
0022400284,215,Wiggins 27' 3PT Step Back Jump Shot (5 PTS) (Podziemski 4 AST),1631213,1610612751,Tyrese Martin,2025
0022400284,434,MISS Waters III 2' Reverse Layup,1631213,1610612751,Tyrese Martin,2025
0022400284,438,MISS Curry 29' 3PT Running Pull-Up Jump Shot,1631213,1610612751,Tyrese Martin,2025
0022400284,495,MISS Hield 3PT Jump Shot,1631213,1610612751,Tyrese Martin,2025
0022400284,518,MISS Jackson-Davis 6' Cutting Layup Shot,1631213,1610612751,Tyrese Martin,2025
0022400284,527,MISS Wiggins 3' Driving Layup,1631213,1610612751,Tyrese Martin,2025
0022400284,44,MISS Green 3' Driving Layup,1630533,1610612751,Ziaire Williams,2025
0022400284,58,MISS Green 27' 3PT Jump Shot,1630533,1610612751,Ziaire Williams,2025
0022400284,67,MISS Wiggins 26' 3PT Jump Shot,1630533,1610612751,Ziaire Williams,2025
0022400284,79,Curry 28' 3PT Jump Shot (6 PTS) (Anderson 1 AST),1630533,1610612751,Ziaire Williams,2025
0022400284,110,MISS Hield 26' 3PT Running Jump Shot,1630533,1610612751,Ziaire Williams,2025
0022400284,119,Anderson 4' Driving Layup (2 PTS) (Curry 2 AST),1630533,1610612751,Ziaire Williams,2025
0022400284,304,Moody 3' Cutting Layup Shot (5 PTS) (Green 4 AST),1630533,1610612751,Ziaire Williams,2025
0022400284,388,Green 24' 3PT Jump Shot (3 PTS) (Curry 6 AST),1630533,1610612751,Ziaire Williams,2025
0022400284,409,Jackson-Davis 2' Running Finger Roll Layup (8 PTS) (Wiggins 1 AST),1630533,1610612751,Ziaire Williams,2025
0022400284,422,MISS Waters III 6' Driving Floating Bank Jump Shot,1630533,1610612751,Ziaire Williams,2025
0022400284,428,MISS Green 26' 3PT Jump Shot,1630533,1610612751,Ziaire Williams,2025
0022400284,462,Podziemski 8' Finger Roll Layup (5 PTS),1630533,1610612751,Ziaire Williams,2025
0022400284,544,Wiggins 1' Cutting Dunk Shot (11 PTS) (Jackson-Davis 1 AST),1630533,1610612751,Ziaire Williams,2025
0022400284,550,MISS Wiggins 26' 3PT Jump Shot,1630533,1610612751,Ziaire Williams,2025
0022400284,576,MISS Podziemski Tip Dunk Shot,1630533,1610612751,Ziaire Williams,2025
0022400284,621,MISS Waters III 26' 3PT Running Jump Shot,1630533,1610612751,Ziaire Williams,2025
0022400284,688,Green 2' Layup (6 PTS) (Payton II 4 AST),1630533,1610612751,Ziaire Williams,2025
0022400284,697,MISS Curry 24' Floating Jump Shot,1630533,1610612751,Ziaire Williams,2025
0022400284,703,Wiggins 4' Driving Layup (18 PTS),1630533,1610612751,Ziaire Williams,2025
0022400282,42,MISS Morant 15' Running Pull-Up Jump Shot,1629014,1610612757,Anfernee Simons,2025
0022400282,229,Clarke 1' Alley Oop Dunk (5 PTS) (Morant 4 AST),1629014,1610612757,Anfernee Simons,2025
0022400282,242,MISS Pippen Jr. 2' Putback Layup,1629014,1610612757,Anfernee Simons,2025
0022400282,300,MISS Aldama 7' Driving Layup,1629014,1610612757,Anfernee Simons,2025
0022400282,302,Aldama Tip Layup Shot (7 PTS),1629014,1610612757,Anfernee Simons,2025
0022400282,308,MISS Huff 21' Jump Shot,1629014,1610612757,Anfernee Simons,2025
0022400282,362,MISS Aldama 1' Tip Layup Shot,1629014,1610612757,Anfernee Simons,2025
0022400282,637,Pippen Jr. 1' Driving Layup (2 PTS) (Morant 10 AST),1629014,1610612757,Anfernee Simons,2025
0022400282,27,MISS Camara 24' 3PT Jump Shot,1629634,1610612763,Brandon Clarke,2025
0022400282,45,Clarke BLOCK (1 BLK),1629634,1610612763,Brandon Clarke,2025
0022400282,87,Banton 26' 3PT Jump Shot (3 PTS) (Avdija 1 AST),1629634,1610612763,Brandon Clarke,2025
0022400282,91,MISS Avdija 26' 3PT Jump Shot,1629634,1610612763,Brandon Clarke,2025
0022400282,196,Walker 2' Layup (2 PTS) (Avdija 2 AST),1629634,1610612763,Brandon Clarke,2025
0022400282,233,MISS Grant 26' 3PT Jump Shot,1629634,1610612763,Brandon Clarke,2025
0022400282,406,MISS Camara 24' 3PT Jump Shot,1629634,1610612763,Brandon Clarke,2025
0022400282,421,Grant 3' Driving Finger Roll Layup (11 PTS),1629634,1610612763,Brandon Clarke,2025
0022400282,427,MISS Camara 25' 3PT Jump Shot,1629634,1610612763,Brandon Clarke,2025
0022400282,443,Sharpe 25' 3PT Jump Shot (11 PTS) (Avdija 3 AST),1629634,1610612763,Brandon Clarke,2025
0022400282,473,Walker 1' Running Reverse Layup (7 PTS) (Avdija 4 AST),1629634,1610612763,Brandon Clarke,2025
0022400282,500,Sharpe 16' Pullup Jump Shot (13 PTS) (Avdija 5 AST),1629634,1610612763,Brandon Clarke,2025
0022400282,623,MISS Avdija 25' 3PT Jump Shot,1629634,1610612763,Brandon Clarke,2025
0022400282,657,Avdija 25' 3PT Jump Shot (17 PTS) (Banton 2 AST),1629634,1610612763,Brandon Clarke,2025
0022400282,660,MISS Banton 26' 3PT Jump Shot,1629634,1610612763,Brandon Clarke,2025
0022400282,691,Clarke BLOCK (3 BLK),1629634,1610612763,Brandon Clarke,2025
0022400282,89,MISS Wells 25' 3PT Jump Shot,1630625,1610612757,Dalano Banton,2025
0022400282,106,Huff 3PT Jump Shot (3 PTS) (LaRavia 1 AST),1630625,1610612757,Dalano Banton,2025
0022400282,113,Kennard 25' 3PT Step Back Jump Shot (3 PTS) (Aldama 1 AST),1630625,1610612757,Dalano Banton,2025
0022400282,122,Aldama 25' 3PT Jump Shot (3 PTS) (Kennard 3 AST),1630625,1610612757,Dalano Banton,2025
0022400282,159,Aldama 7' Driving Hook Shot (5 PTS) (Pippen Jr. 1 AST),1630625,1610612757,Dalano Banton,2025
0022400282,183,Clarke 1' Layup (2 PTS) (Smart 1 AST),1630625,1610612757,Dalano Banton,2025
0022400282,193,MISS Jackson Jr. 5' Driving Finger Roll Layup,1630625,1610612757,Dalano Banton,2025
0022400282,195,Jackson Jr. 1' Putback Layup (4 PTS),1630625,1610612757,Dalano Banton,2025
0022400282,315,MISS Kennard 3PT Jump Shot,1630625,1610612757,Dalano Banton,2025
0022400282,319,MISS Bane 2' Cutting Finger Roll Layup Shot,1630625,1610612757,Dalano Banton,2025
0022400282,482,MISS Bane 25' 3PT Running Jump Shot,1630625,1610612757,Dalano Banton,2025
0022400282,522,MISS Kennard 27' 3PT Jump Shot,1630625,1610612757,Dalano Banton,2025
0022400282,526,Smart Cutting Finger Roll Layup Shot (6 PTS) (LaRavia 4 AST),1630625,1610612757,Dalano Banton,2025
0022400282,536,MISS Aldama 7' Hook Shot,1630625,1610612757,Dalano Banton,2025
0022400282,658,Jackson Jr. 11' Driving Floating Jump Shot (19 PTS),1630625,1610612757,Dalano Banton,2025
0022400282,75,Morant 2' Driving Reverse Layup (5 PTS) (Wells 1 AST),1630166,1610612757,Deni Avdija,2025
0022400282,195,Jackson Jr. 1' Putback Layup (4 PTS),1630166,1610612757,Deni Avdija,2025
0022400282,237,MISS Clarke 6' Floating Jump Shot,1630166,1610612757,Deni Avdija,2025
0022400282,249,MISS Morant 25' 3PT Pullup Jump Shot,1630166,1610612757,Deni Avdija,2025
0022400282,298,MISS Huff 11' Turnaround Fadeaway Shot,1630166,1610612757,Deni Avdija,2025
0022400282,323,MISS Wells 4' Driving Layup,1630166,1610612757,Deni Avdija,2025
0022400282,362,MISS Aldama 1' Tip Layup Shot,1630166,1610612757,Deni Avdija,2025
0022400282,450,MISS Morant 3' Running Reverse Layup,1630166,1610612757,Deni Avdija,2025
0022400282,464,Wells 1' Running Layup (5 PTS) (Morant 8 AST),1630166,1610612757,Deni Avdija,2025
0022400282,637,Pippen Jr. 1' Driving Layup (2 PTS) (Morant 10 AST),1630166,1610612757,Deni Avdija,2025
0022400282,9,MISS Grant 6' Driving Floating Jump Shot,1630217,1610612763,Desmond Bane,2025
0022400282,29,Camara 1' Cutting Dunk Shot (2 PTS) (Simons 1 AST),1630217,1610612763,Desmond Bane,2025
0022400282,373,MISS Avdija 3' Running Finger Roll Layup,1630217,1610612763,Desmond Bane,2025
0022400282,396,MISS Grant 4' Driving Hook Shot,1630217,1610612763,Desmond Bane,2025
0022400282,421,Grant 3' Driving Finger Roll Layup (11 PTS),1630217,1610612763,Desmond Bane,2025
0022400282,441,MISS Walker 3PT Jump Shot,1630217,1610612763,Desmond Bane,2025
0022400282,473,Walker 1' Running Reverse Layup (7 PTS) (Avdija 4 AST),1630217,1610612763,Desmond Bane,2025
0022400282,603,Kennard 23' Running Pull-Up Jump Shot (11 PTS) (Jackson Jr. 1 AST),1641871,1610612757,Duop Reath,2025
0022400282,760,MISS Huff 26' 3PT Jump Shot,1641871,1610612757,Duop Reath,2025
0022400282,13,MISS Simons 28' 3PT Jump Shot,1629630,1610612763,Ja Morant,2025
0022400282,64,MISS Grant 26' 3PT Jump Shot,1629630,1610612763,Ja Morant,2025
0022400282,93,Grant 2' Driving Finger Roll Layup (4 PTS) (Simons 2 AST),1629630,1610612763,Ja Morant,2025
0022400282,248,Williams III Tip Layup Shot (2 PTS),1629630,1610612763,Ja Morant,2025
0022400282,263,Jackson Jr. BLOCK (1 BLK),1629630,1610612763,Ja Morant,2025
0022400282,370,Sharpe 5' Driving Finger Roll Layup (8 PTS),1629630,1610612763,Ja Morant,2025
0022400282,377,MISS Sharpe 26' 3PT Jump Shot,1629630,1610612763,Ja Morant,2025
0022400282,401,Morant BLOCK (1 BLK),1629630,1610612763,Ja Morant,2025
0022400282,415,MISS Simons 8' Driving Floating Bank Jump Shot,1629630,1610612763,Ja Morant,2025
0022400282,458,MISS Camara 5' Driving Finger Roll Layup,1629630,1610612763,Ja Morant,2025
0022400282,611,MISS Simons 25' 3PT Pullup Jump Shot,1629630,1610612763,Ja Morant,2025
0022400282,132,Huff 3PT Jump Shot (8 PTS) (LaRavia 2 AST),1631133,1610612757,Jabari Walker,2025
0022400282,403,MISS Wells 26' 3PT Running Jump Shot,1631133,1610612757,Jabari Walker,2025
0022400282,471,MISS Bane 25' 3PT Pullup Jump Shot,1631133,1610612757,Jabari Walker,2025
0022400282,532,MISS Huff 3PT Jump Shot,1631133,1610612757,Jabari Walker,2025
0022400282,673,Jackson Jr. 1' Driving Dunk (21 PTS) (Smart 3 AST),1631133,1610612757,Jabari Walker,2025
0022400282,716,MISS Huff 1' Layup,1631133,1610612757,Jabari Walker,2025
0022400282,727,MISS Aldama 2' Running Finger Roll Layup,1631133,1610612757,Jabari Walker,2025
0022400282,754,LaRavia 6' Driving Floating Jump Shot (8 PTS) (Konchar 1 AST),1631133,1610612757,Jabari Walker,2025
0022400282,762,Aldama Putback Dunk (13 PTS),1631133,1610612757,Jabari Walker,2025
0022400282,170,LaRavia BLOCK (1 BLK),1631222,1610612763,Jake LaRavia,2025
0022400282,353,Avdija 1' Driving Finger Roll Layup (7 PTS) (Williams III 1 AST),1631222,1610612763,Jake LaRavia,2025
0022400282,381,LaRavia BLOCK (2 BLK),1631222,1610612763,Jake LaRavia,2025
0022400282,528,MISS Banton 25' 3PT Jump Shot,1631222,1610612763,Jake LaRavia,2025
0022400282,708,MISS Banton 25' 3PT Jump Shot,1631222,1610612763,Jake LaRavia,2025
0022400282,715,Banton 1' Driving Finger Roll Layup (11 PTS),1631222,1610612763,Jake LaRavia,2025
0022400282,745,Moore Tip Dunk Shot (2 PTS),1631222,1610612763,Jake LaRavia,2025
0022400282,22,MISS Sharpe 26' 3PT Pullup Jump Shot,1628991,1610612763,Jaren Jackson Jr.,2025
0022400282,40,MISS Simons 26' 3PT Pullup Jump Shot,1628991,1610612763,Jaren Jackson Jr.,2025
0022400282,188,Rupert 1' Reverse Layup (2 PTS) (Sharpe 1 AST),1628991,1610612763,Jaren Jackson Jr.,2025
0022400282,192,Banton 20' Pullup Jump Shot (5 PTS),1628991,1610612763,Jaren Jackson Jr.,2025
0022400282,220,MISS Williams III 8' Turnaround Hook Shot,1628991,1610612763,Jaren Jackson Jr.,2025
0022400282,263,Jackson Jr. BLOCK (1 BLK),1628991,1610612763,Jaren Jackson Jr.,2025
0022400282,266,MISS Grant 25' 3PT Jump Shot,1628991,1610612763,Jaren Jackson Jr.,2025
0022400282,274,Jackson Jr. BLOCK (2 BLK),1628991,1610612763,Jaren Jackson Jr.,2025
0022400282,370,Sharpe 5' Driving Finger Roll Layup (8 PTS),1628991,1610612763,Jaren Jackson Jr.,2025
0022400282,415,MISS Simons 8' Driving Floating Bank Jump Shot,1628991,1610612763,Jaren Jackson Jr.,2025
0022400282,458,MISS Camara 5' Driving Finger Roll Layup,1628991,1610612763,Jaren Jackson Jr.,2025
0022400282,479,Clarke BLOCK (2 BLK),1628991,1610612763,Jaren Jackson Jr.,2025
0022400282,485,MISS Walker 3PT Jump Shot,1628991,1610612763,Jaren Jackson Jr.,2025
0022400282,581,MISS Camara 3PT Jump Shot,1628991,1610612763,Jaren Jackson Jr.,2025
0022400282,600,Jackson Jr. BLOCK (3 BLK),1628991,1610612763,Jaren Jackson Jr.,2025
0022400282,631,MISS Rupert 3PT Running Pull-Up Jump Shot,1628991,1610612763,Jaren Jackson Jr.,2025
0022400282,635,MISS Simons 3' Driving Finger Roll Layup,1628991,1610612763,Jaren Jackson Jr.,2025
0022400282,639,MISS Avdija 25' 3PT Jump Shot,1628991,1610612763,Jaren Jackson Jr.,2025
0022400282,641,Simons 25' 3PT Pullup Jump Shot (5 PTS) (Camara 3 AST),1628991,1610612763,Jaren Jackson Jr.,2025
0022400282,675,Rupert 11' Driving Floating Jump Shot (4 PTS) (Walker 2 AST),1628991,1610612763,Jaren Jackson Jr.,2025
0022400282,679,Rupert 1' Running Finger Roll Layup (6 PTS),1628991,1610612763,Jaren Jackson Jr.,2025
